Workbook

Sheet สมมติฐาน
A1: สมมติฐานและตัวแปรปรับได้ (Assumptions & Knobs) — Alibaba Cloud
A3: 1) ตัวแปรหลัก (ปรับได้ — พื้นเหลือง)
A4: อัตราแลกเปลี่ยน USD → THB | B4: 36
A5: ส่วนลดจ่ายล่วงหน้าแบบ Subscription 3 ปี (ใช้กับ ECS/RDS) | B5: 0.45
A7: 2) ค่าบริการรายเดือน (USD) — ราคา PAYG ก่อนส่วนลด
A8: รายการ (Item) | B8: ราคา PAYG/เดือน (USD) | C8: ใช้ส่วนลด? (1=ใช่,0=ไม่) | D8: ราคาหลังส่วนลด/เดือน (USD)
A9: ECS app node หลัก (4 vCPU / 16 GB) | B9: 95 | C9: 1 | D9: =B9*(1-IF(C9=1,$B$5,0))
A10: ECS app node เพิ่ม (burstable 2c4g) | B10: 35 | C10: 1 | D10: =B10*(1-IF(C10=1,$B$5,0))
A11: ApsaraDB RDS for PostgreSQL (HA) | B11: 140 | C11: 1 | D11: =B11*(1-IF(C11=1,$B$5,0))
A12: Read replica (อ่านอย่างเดียว) | B12: 70 | C12: 1 | D12: =B12*(1-IF(C12=1,$B$5,0))
A13: SLB / ALB (โหลดบาลานเซอร์) | B13: 22 | C13: 0 | D13: =B13*(1-IF(C13=1,$B$5,0))
A14: OSS + Snapshots + Backup | B14: 14 | C14: 0 | D14: =B14*(1-IF(C14=1,$B$5,0))
A15: Bandwidth / EIP (อินเทอร์เน็ต) | B15: 30 | C15: 0 | D15: =B15*(1-IF(C15=1,$B$5,0))
A16: DNS + Container Registry + อื่นๆ | B16: 8 | C16: 0 | D16: =B16*(1-IF(C16=1,$B$5,0))
A17: WAF (ตัวเลือก) | B17: 25 | C17: 0 | D17: =B17*(1-IF(C17=1,$B$5,0))
A19: 3) Dedicated tenant (สแตคแยกต่อ 1 องค์กรขนาดใหญ่)
A20: ค่าใช้จ่ายต่อราย/เดือน (USD, หลังส่วนลดโดยประมาณ) | B20: 450
A21: จำนวน Dedicated — ปีที่ 1 | B21: 0
A22: จำนวน Dedicated — ปีที่ 2 | B22: 0
A23: จำนวน Dedicated — ปีที่ 3 | B23: 1

Sheet แผนงบประมาณ 3 ปี
A1: แผนงบประมาณ 3 ปี — Alibaba Cloud (เริ่มลีน แล้วค่อยขยาย)
A2: ปีที่1 = Tier 0 (เครื่องเดียว, Postgres จัดการเอง) · ปีที่2 = Tier 1 (แยก RDS HA) · ปีที่3 = Tier 2 (HA + replica + dedicated)
A4: รายการ (Item) | B4: ราคา/หน่วย/เดือน (USD) | C4: จำนวน ปีที่ 1 | D4: จำนวน ปีที่ 2 | E4: จำนวน ปีที่ 3 | F4: ปีที่ 1 (USD/ปี) | G4: ปีที่ 2 (USD/ปี) | H4: ปีที่ 3 (USD/ปี)
A5: ECS app node หลัก | B5: ='สมมติฐาน'!D9 | C5: 1 | D5: 1 | E5: 1 | F5: =B5*C5*12 | G5: =B5*D5*12 | H5: =B5*E5*12
A6: ECS app node เพิ่ม | B6: ='สมมติฐาน'!D10 | C6: 0 | D6: 1 | E6: 1 | F6: =B6*C6*12 | G6: =B6*D6*12 | H6: =B6*E6*12
A7: ApsaraDB RDS PostgreSQL (HA) | B7: ='สมมติฐาน'!D11 | C7: 0 | D7: 1 | E7: 1 | F7: =B7*C7*12 | G7: =B7*D7*12 | H7: =B7*E7*12
A8: Read replica | B8: ='สมมติฐาน'!D12 | C8: 0 | D8: 0 | E8: 1 | F8: =B8*C8*12 | G8: =B8*D8*12 | H8: =B8*E8*12
A9: SLB / ALB | B9: ='สมมติฐาน'!D13 | C9: 0 | D9: 1 | E9: 1 | F9: =B9*C9*12 | G9: =B9*D9*12 | H9: =B9*E9*12
A10: OSS + Snapshots + Backup | B10: ='สมมติฐาน'!D14 | C10: 1 | D10: 1 | E10: 1 | F10: =B10*C10*12 | G10: =B10*D10*12 | H10: =B10*E10*12
A11: Bandwidth / EIP | B11: ='สมมติฐาน'!D15 | C11: 1 | D11: 1 | E11: 1 | F11: =B11*C11*12 | G11: =B11*D11*12 | H11: =B11*E11*12
A12: DNS + Container Registry + อื่นๆ | B12: ='สมมติฐาน'!D16 | C12: 1 | D12: 1 | E12: 1 | F12: =B12*C12*12 | G12: =B12*D12*12 | H12: =B12*E12*12
A13: WAF (ตัวเลือก) | B13: ='สมมติฐาน'!D17 | C13: 0 | D13: 0 | E13: 1 | F13: =B13*C13*12 | G13: =B13*D13*12 | H13: =B13*E13*12
A14: Dedicated tenant (สแตคแยก) | B14: ='สมมติฐาน'!B20 | C14: ='สมมติฐาน'!B21 | D14: ='สมมติฐาน'!B22 | E14: ='สมมติฐาน'!B23 | F14: =B14*C14*12 | G14: =B14*D14*12 | H14: =B14*E14*12
A15: รวมทั้งหมด (USD/ปี) | F15: =SUM(F5:F14) | G15: =SUM(G5:G14) | H15: =SUM(H5:H14)
A16: รวมทั้งหมด (THB/ปี) | F16: =F15*'สมมติฐาน'!$B$4 | G16: =G15*'สมมติฐาน'!$B$4 | H16: =H15*'สมมติฐาน'!$B$4
A17: เฉลี่ยต่อเดือน (USD) | F17: =F15/12 | G17: =G15/12 | H17: =H15/12
A19: สรุป 3 ปี (Summary)
A20: รวมค่าโครงสร้างพื้นฐาน 3 ปี (USD) | E20: =SUM(F15:H15)
A21: รวมค่าโครงสร้างพื้นฐาน 3 ปี (THB) | E21: =E20*'สมมติฐาน'!$B$4
A22: เฉลี่ยต่อเดือน ตลอด 3 ปี (USD) | E22: =E20/36
A23: ทางเลือกประหยัดสุด: คง Tier 0 ตลอด 3 ปี (USD) | E23: =F17*36
A24: ทางเลือกประหยัดสุด: คง Tier 0 ตลอด 3 ปี (THB) | E24: =E23*'สมมติฐาน'!$B$4
A25: ประมาณการเทียบ AWS lean 3 ปี (USD, อ้างอิง) | E25: 40000
A26: ประหยัดเทียบ AWS (โดยประมาณ) | E26: =1-E20/E25

Sheet หมายเหตุ
A1: หมายเหตุและคำอธิบาย (Notes)
A3: วิธีใช้: แก้เฉพาะเซลล์ตัวอักษรสีน้ำเงิน (และพื้นเหลือง) ในชีต 'สมมติฐาน' แล้วตัวเลขทั้งหมดจะคำนวณใหม่อัตโนมัติ
A5: รหัสสี:
A6: • สีน้ำเงิน = ค่าที่แก้ไขได้ (Input)
A7: • สีดำ = สูตรคำนวณ
A8: • สีเขียว = ลิงก์ดึงค่าข้ามชีต
A9: • พื้นเหลือง = ตัวแปรหลักที่ควรปรับก่อน (เรต/ส่วนลด)
A11: แนวคิดประหยัด (เริ่มลีน แล้วค่อยขยาย):
A12: • ปีที่ 1 (Tier 0): ใช้ ECS เครื่องเดียวรัน api + web + Postgres ผ่าน docker-compose, สำรองข้อมูลขึ้น OSS ทุกวัน — ถูกที่สุด แต่ไม่มี HA และต้องดูแล Postgres เอง
A13: • ปีที่ 2 (Tier 1): แยกฐานข้อมูลออกเป็น ApsaraDB RDS (HA) เมื่อรายได้/ความเสี่ยงเริ่มสูงขึ้น
A14: • ปีที่ 3 (Tier 2): เพิ่ม read replica/HA และสแตคแยก (dedicated) สำหรับลูกค้ารายใหญ่
A16: ตัวช่วยลดค่าใช้จ่ายของ Alibaba Cloud:
... A26: ทั้งหมดเป็นค่าประมาณการเพื่อวางแผน — ควรตรวจสอบกับ Alibaba Cloud Pricing Calculator ของภูมิภาคจริงก่อนตัดสินใจ ตัวเลขยังไม่รวมค่าแรง/ค่าพัฒนา (build effort)
